batter,innings,total_runs,balls_faced,fours,sixes,strike_rate
V Kohli,277,9346,6930,847,317,134.86
RG Sharma,276,7331,5517,661,324,132.88
S Dhawan,222,6769,5326,768,153,127.09
DA Warner,187,6567,4702,663,236,139.66
KL Rahul,152,5828,4188,509,239,139.16
SK Raina,201,5536,4046,506,204,136.83
MS Dhoni,241,5439,3957,375,264,137.45
AM Rahane,197,5367,4273,540,141,125.6
AB de Villiers,172,5181,3411,414,253,151.89
SV Samson,185,5181,3671,432,243,141.13
CH Gayle,145,4997,3346,408,359,149.34
RV Uthappa,198,4954,3801,481,182,130.33
KD Karthik,235,4843,3580,466,161,135.28
F du Plessis,147,4773,3515,440,174,135.79
JC Buttler,137,4647,3105,459,211,149.66
Shubman Gill,130,4598,3236,446,152,142.09
SA Yadav,165,4581,3084,482,178,148.54
AT Rayudu,185,4348,3409,359,173,127.54
SS Iyer,145,4233,3095,354,182,136.77
G Gambhir,151,4217,3404,492,59,123.88
MK Pandey,165,4021,3297,348,118,121.96
SR Watson,143,3880,2813,377,190,137.93
RR Pant,140,3879,2644,351,181,146.71
Ishan Kishan,127,3600,2508,348,166,143.54
RA Jadeja,205,3526,2699,264,122,130.64
Q de Kock,119,3444,2553,334,143,134.9
KA Pollard,172,3437,2329,221,224,147.57
DA Miller,144,3288,2358,235,152,139.44
YK Pathan,154,3222,2245,263,161,143.52
N Rana,121,3078,2235,288,151,137.72
HH Pandya,153,2964,2025,228,157,146.37
WP Saha,143,2934,2300,296,87,127.57
BB McCullum,111,2882,2190,293,130,131.6
PA Patel,136,2848,2358,365,49,120.78
RD Gaikwad,84,2839,2093,260,107,135.64
GJ Maxwell,135,2820,1818,238,161,155.12
MA Agarwal,126,2764,2066,275,100,133.79
Yuvraj Singh,127,2754,2122,218,149,129.78
V Sehwag,104,2728,1755,334,106,155.44
AD Russell,115,2655,1525,187,223,174.1
M Vijay,105,2619,2149,247,91,121.87
YBK Jaiswal,82,2593,1697,311,110,152.8
N Pooran,103,2527,1543,169,186,163.77
B Sai Sudharsan,57,2515,1686,258,83,149.17
SPD Smith,95,2495,1945,226,60,128.28
SE Marsh,70,2489,1871,269,78,133.03
JH Kallis,95,2427,2222,255,44,109.23
DR Smith,88,2385,1764,245,117,135.2
Abhishek Sharma,89,2379,1389,224,144,171.27
SR Tendulkar,78,2334,1948,296,29,119.82
RA Tripathi,98,2291,1662,229,85,137.85
D Padikkal,89,2270,1705,241,80,133.14
MP Stoinis,108,2242,1520,181,117,147.5
R Dravid,82,2174,1882,269,28,115.52
KS Williamson,77,2132,1697,187,64,125.63
S Dube,87,2129,1464,132,137,145.42
H Klaasen,60,2104,1262,146,120,166.72
AJ Finch,91,2092,1635,214,78,127.95
AR Patel,134,2089,1562,146,100,133.74
AC Gilchrist,80,2069,1495,239,92,138.39
JP Duminy,75,2029,1636,126,79,124.02
KH Pandya,123,1982,1481,173,76,133.83
MEK Hussey,58,1977,1612,198,52,122.64
PP Shaw,79,1892,1283,238,61,147.47
R Parag,87,1879,1302,136,108,144.32
P Simran Singh,65,1865,1189,196,94,156.85
Tilak Varma,65,1858,1284,143,91,144.7
MR Marsh,62,1855,1249,155,111,148.52
SP Narine,122,1820,1101,191,120,165.3
DPMD Jayawardene,79,1808,1464,200,40,123.5
KK Nair,78,1712,1304,188,49,131.29
Mandeep Singh,97,1706,1388,176,38,122.91
MK Tiwary,83,1695,1449,156,40,116.98
KC Sangakkara,68,1687,1392,195,27,121.19
VR Iyer,62,1677,1181,157,78,142.0
JM Bairstow,52,1674,1146,173,74,146.07
AK Markram,67,1671,1234,131,68,135.41
RM Patidar,52,1612,980,106,110,164.49
SO Hetmyer,86,1566,1049,99,96,149.29
DJ Bravo,110,1560,1204,120,66,129.57
TM Head,52,1556,915,172,78,170.05
NV Ojha,94,1554,1313,121,79,118.35
DJ Hooda,102,1497,1173,98,62,127.62
SS Tiwary,73,1494,1244,111,50,120.1
S Badrinath,65,1441,1212,154,28,118.89
EJG Morgan,75,1406,1148,112,64,122.47
BJ Hodge,63,1400,1118,122,43,125.22
RK Singh,63,1398,956,115,67,146.23
SC Ganguly,56,1349,1263,137,42,106.81
CA Lynn,42,1329,945,132,66,140.63
DJ Hussey,61,1322,1075,90,60,122.98
R Tewatia,91,1302,943,110,62,138.07
PD Salt,40,1258,721,138,67,174.48
V Shankar,63,1233,950,88,48,129.79
KM Jadhav,81,1208,981,102,40,123.14
Dhruv Jurel,51,1195,775,98,62,154.19
A Badoni,56,1178,836,96,47,140.91
MM Ali,59,1167,835,95,67,139.76
TM Dilshan,50,1153,1007,140,24,114.5
TH David,59,1151,650,76,83,177.08
IK Pathan,83,1150,950,88,38,121.05
ML Hayden,33,1107,806,121,44,137.34
JM Sharma,59,1107,726,86,68,152.48
M Vohra,51,1083,829,104,43,130.64
DP Conway,28,1080,773,117,34,139.72
LMP Simmons,29,1079,852,109,44,126.64
LS Livingstone,49,1066,687,70,76,155.17
C Green,42,1029,681,84,49,151.1
V Suryavanshi,23,1028,449,81,96,228.95
LRPL Taylor,54,1017,822,66,46,123.72
KP Pietersen,36,1001,743,91,40,134.72
MC Henriques,54,1000,788,87,28,126.9
SM Curran,53,997,731,85,41,136.39
T Stubbs,44,986,649,69,47,151.93
Y Venugopal Rao,52,985,836,77,37,117.82
JA Morkel,68,975,687,61,55,141.92
A Symonds,36,974,750,74,41,129.87
CL White,46,971,760,76,38,127.76
BA Stokes,43,935,698,81,32,133.95
Priyansh Arya,31,909,471,87,63,192.99
Shashank Singh,42,905,560,67,51,161.61
Washington Sundar,59,888,656,82,28,135.37
HH Gibbs,36,886,807,83,31,109.79
A Raghuvanshi,30,885,608,86,35,145.56
STR Binny,66,880,683,66,35,128.84
Abdul Samad,59,859,578,55,55,148.62
RD Rickelton,26,836,497,78,55,168.21
Harbhajan Singh,88,833,604,79,42,137.91
R Ashwin,93,833,705,64,29,118.16
MS Bisla,39,798,702,93,23,113.68
Shakib Al Hasan,53,795,639,73,21,124.41
Nithish Kumar Reddy,35,787,541,50,46,145.47
N Wadhera,37,784,560,64,43,140.0
M Shahrukh Khan,53,775,524,49,52,147.9
Abishek Porel,33,769,529,80,28,145.37
ST Jayasuriya,30,768,532,84,39,144.36
SN Khan,43,746,543,86,20,137.38
GC Smith,29,739,668,94,9,110.63
AD Mathews,41,724,575,44,29,125.91
Naman Dhir,33,710,433,68,36,163.97
TL Suman,39,676,575,55,26,117.57
AM Nayar,50,672,577,55,20,116.46
GJ Bailey,36,663,544,59,19,121.88
E Lewis,26,654,477,62,36,137.11
PJ Cummins,51,642,421,40,44,152.49
Rashid Khan,72,635,406,45,43,156.4
PP Chawla,86,624,563,56,20,110.83
CH Morris,49,618,398,41,35,155.28
JJ Roy,21,614,443,75,21,138.6
D Brevis,24,606,415,38,43,146.02
JD Ryder,29,604,458,69,19,131.88
Shahbaz Ahmed,40,603,489,33,28,123.31
WG Jacks,26,602,379,50,38,158.84
HM Amla,16,577,407,60,21,141.77
Ashutosh Sharma,26,564,334,39,40,168.86
R Powell,30,555,390,38,38,142.31
JP Inglis,16,544,314,58,28,173.25
CJ Anderson,29,538,423,40,31,127.19
RS Bopara,22,531,453,39,16,117.22
MK Lomror,35,527,373,33,30,141.29
JP Faulkner,46,527,390,36,23,135.13
SE Rutherford,27,520,364,30,38,142.86
M Manhas,38,514,470,43,10,109.36
Gurkeerat Singh,32,511,422,55,11,121.09
OA Shah,22,506,389,34,23,130.08
PC Valthaty,23,505,418,61,20,120.81
SW Billings,27,503,388,40,20,129.64
C Connolly,13,491,301,43,32,163.12
RR Rossouw,22,473,308,45,25,153.57
DT Christian,41,460,398,23,19,115.58
A Mhatre,13,441,240,51,23,183.75
Sameer Rizvi,18,424,293,30,26,144.71
NLTC Perera,31,424,309,23,26,137.22
SA Asnodkar,19,423,339,56,10,124.78
JR Hopes,19,417,306,49,11,136.27
R Ravindra,18,413,287,40,16,143.9
J Botha,28,409,359,39,5,113.93
LR Shukla,33,405,350,33,16,115.71
AL Menaria,23,401,356,24,18,112.64
MV Boucher,23,394,309,32,13,127.51
CA Pujara,22,390,391,50,4,99.74
Azhar Mahmood,21,388,303,39,13,128.05
J Fraser-McGurk,15,385,193,39,30,199.48
A Mishra,55,381,419,31,5,90.93
KR Mayers,13,379,263,38,22,144.11
DB Ravi Teja,25,375,317,35,9,118.3
S Sohal,20,368,292,34,18,126.03
P Negi,35,365,289,27,16,126.3
Rahmanullah Gurbaz,18,363,269,34,22,134.94
B Kumar,75,354,377,34,4,93.9
KV Sharma,40,352,295,20,17,119.32
DJ Mitchell,15,351,267,28,10,131.46
SN Thakur,43,349,263,32,13,132.7
FH Allen,11,349,163,33,28,214.11
R Bhatia,47,342,284,24,13,120.42
P Kumar,57,340,314,22,17,108.28
AP Tare,27,339,273,40,11,124.18
JEC Franklin,16,327,301,25,9,108.64
RN ten Doeschate,21,326,235,26,15,138.72
JC Archer,40,326,225,18,22,144.89
D Ferreira,16,326,191,26,23,170.68
JO Holder,34,324,263,16,21,123.19
Anuj Rawat,21,318,267,26,14,119.1
Aniket Verma,20,315,196,18,25,160.71
R Vinay Kumar,42,310,274,21,9,113.14
Lalit Yadav,21,305,290,27,7,105.17
DB Das,22,304,261,23,16,116.48
C de Grandhomme,21,303,225,18,18,134.67
LA Pomersbach,16,302,246,25,13,122.76
UBT Chand,20,300,300,32,9,100.0
Ramandeep Singh,26,299,205,17,19,145.85
Kartik Sharma,11,295,216,24,16,136.57
DJG Sammy,20,295,241,15,18,122.41
SP Goswami,21,293,295,32,3,99.32
A Manohar,20,292,235,23,14,124.26
Y Nagar,20,285,259,20,9,110.04
GH Vihari,23,284,321,23,1,88.47
VVS Laxman,20,282,267,33,5,105.62
HV Patel,44,280,238,18,15,117.65
A Ashish Reddy,23,280,193,16,15,145.08
B Chipli,21,280,251,28,7,111.55
P Nissanka,10,278,175,33,12,158.86
MJ Lumb,12,278,194,45,6,143.3
PBB Rajapaksa,13,277,191,22,15,145.03
PK Garg,19,273,241,16,9,113.28
MJ Guptill,14,271,197,24,15,137.56
R Sathish,24,270,231,22,6,116.88
R Shepherd,19,268,153,18,22,175.16
K Rabada,34,262,239,21,11,109.62
Atharva Taide,10,260,177,30,8,146.89
M Kaif,22,259,250,22,6,103.6
Harpreet Brar,27,249,206,20,10,120.87
K Gowtham,27,247,148,15,17,166.89
SM Katich,11,241,186,26,8,129.57
BCJ Cutting,17,238,141,15,19,168.79
MD Mishra,17,237,208,24,8,113.94
Mohammad Nabi,20,221,152,18,12,145.39
SB Dubey,17,220,143,17,13,153.85
K Goel,16,218,231,17,9,94.37
AA Jhunjhunwala,15,217,210,19,5,103.33
Kuldeep Yadav,41,210,253,18,3,83.0
R Dhawan,22,210,187,18,7,112.3
UT Yadav,48,208,201,16,9,103.48
CA Ingram,15,205,180,22,5,113.89
PD Collingwood,7,203,156,9,13,130.13
JD Unadkat,28,201,169,16,7,118.93
KS Bharat,8,199,163,12,8,122.09
SK Warne,27,198,214,14,6,92.52
Urvil Patel,10,197,96,11,20,205.21
SP Fleming,10,196,165,27,3,118.79
AS Raut,16,194,167,13,7,116.17
Salman Butt,7,193,161,30,2,119.88
BJ Rohrer,9,193,141,21,5,136.88
M Jansen,25,192,174,9,9,110.34
YV Takawale,10,192,178,26,3,107.87
HC Brook,11,190,154,23,4,123.38
Bipul Sharma,17,187,123,11,9,152.03
FY Fazal,11,183,173,22,1,105.78
SD Hope,9,183,122,12,12,150.0
MS Wade,14,183,177,23,2,103.39
Sikandar Raza,9,182,136,12,8,133.82
CR Brathwaite,14,181,111,10,16,163.06
AC Voges,7,181,143,15,3,126.57
S Gopal,22,180,169,19,2,106.51
AB Agarkar,18,179,154,13,5,116.23
MW Short,9,177,143,21,5,123.78
MF Maharoof,14,177,123,12,9,143.9
C Munro,11,177,141,19,8,125.53
DH Yagnik,17,170,137,23,2,124.09
MD Choudhary,10,170,120,11,12,141.67
CM Gautam,13,169,150,17,6,112.67
MN van Wyk,5,167,132,19,1,126.52
DW Steyn,33,167,160,14,3,104.38
MG Johnson,28,167,164,10,7,101.83
Suryansh Shedge,10,165,101,9,12,163.37
PA Reddy,10,164,160,15,2,102.5
JG Bethell,9,163,116,21,6,140.52
N Jagadeesan,10,162,147,21,2,110.2
MN Samuels,14,161,172,9,7,93.6
RE van der Merwe,15,159,141,11,8,112.77
R McLaren,13,159,171,14,1,92.98
V Nigam,10,157,89,18,8,176.4
Azmatullah Omarzai,11,151,101,11,10,149.5
J Overton,8,151,93,14,7,162.37
D Wiese,11,148,101,12,7,146.53
AD Hales,6,148,118,13,6,125.42
SM Pollock,8,147,111,12,8,132.43
S Vidyut,8,145,109,21,3,133.03
Sachin Baby,11,144,118,11,5,122.03
Arshad Khan,12,142,95,6,11,149.47
DL Chahar,20,142,103,8,9,137.86
N Saini,10,140,141,16,0,99.29
Anmolpreet Singh,9,139,115,19,3,120.87
S Anirudha,12,136,113,9,7,120.35
MJ Santner,21,136,123,9,6,110.57
GD Phillips,13,132,109,7,8,121.1
SB Styris,10,131,133,10,3,98.5
W Jaffer,8,130,121,14,3,107.44
RD Chahar,22,129,124,13,5,104.03
Kamran Akmal,6,128,78,13,8,164.1
TK Curran,10,127,107,10,3,118.69
P Dogra,12,127,138,4,5,92.03
UT Khawaja,6,127,100,14,3,127.0
SS Prabhudessai,10,126,106,11,4,118.87
M Morkel,20,126,90,11,5,140.0
MM Sharma,30,125,136,9,4,91.91
BB Samantray,8,125,113,13,2,110.62
MC Juneja,7,125,128,11,1,97.66
B Lee,19,124,97,8,8,127.84
AB McDonald,9,123,100,9,4,123.0
Harpreet Singh,8,123,119,10,3,103.36
DL Vettori,16,121,113,11,2,107.08
S Arora,10,121,77,9,9,157.14
NK Patel,6,121,119,14,1,101.68
TG Southee,19,120,107,8,4,112.15
AC Blizzard,7,120,90,21,2,133.33
RJ Harris,21,117,112,6,3,104.46
Mohammed Siraj,23,117,139,11,4,84.17
Misbah-ul-Haq,8,117,81,10,6,144.44
Z Khan,27,117,141,11,2,82.98
KK Cooper,12,116,68,9,8,170.59
Aman Hakim Khan,10,115,104,8,6,110.58
Mohammed Shami,34,115,111,9,5,103.6
DJM Short,7,115,99,11,5,116.16
M Kartik,14,113,108,7,1,104.63
MA Starc,22,111,121,11,0,91.74
DJ Harris,4,111,101,11,5,109.9
JDP Oram,11,106,108,6,5,98.15
LJ Wright,5,106,60,16,3,176.67
DS Kulkarni,20,104,108,7,2,96.3
RJ Quiney,7,103,102,12,3,100.98
MS Gony,15,99,71,6,8,139.44
SD Chitnis,8,99,89,10,2,111.24
CJ Ferguson,8,98,117,9,0,83.76
MJ Clarke,6,98,94,12,0,104.26
PN Mankad,5,97,73,13,2,132.88
C Bosch,6,97,63,8,5,153.97
TA Boult,26,93,85,5,4,109.41
DJ Jacobs,7,92,98,10,4,93.88
PR Shah,9,92,91,9,2,101.1
Himmat Singh,5,92,69,5,5,133.33
JDS Neesham,10,92,93,6,2,98.92
PHKD Mendis,5,92,69,7,2,133.33
S Rana,8,91,81,9,1,112.35
RT Ponting,9,91,128,5,2,71.09
AJ Tye,13,91,76,6,5,119.74
AD Nath,10,90,98,7,2,91.84
PR Veer,5,90,67,10,3,134.33
MD Shanaka,8,89,72,5,5,123.61
SL Malinga,20,88,99,6,5,88.89
Iqbal Abdulla,13,88,84,9,1,104.76
AP Majumdar,4,87,76,7,2,114.47
Ankit Sharma,10,87,67,7,4,129.85
MJ McClenaghan,20,85,70,5,7,121.43
RE Levi,6,83,73,10,4,113.7
NM Coulter-Nile,16,82,72,7,4,113.89
CJ Jordan,12,81,77,3,3,105.19
WPUJC Vaas,11,81,73,2,3,110.96
LA Carseldine,5,81,68,11,0,119.12
Shahid Afridi,9,81,46,7,6,176.09
PWH de Silva,19,81,88,7,1,92.05
RV Patel,7,80,73,6,2,109.59
AD Mascarenhas,11,79,78,5,1,101.28
JR Philippe,5,78,77,9,1,101.3
AS Roy,14,78,64,6,2,121.88
CR Woakes,12,78,77,7,2,101.3
KA Jamieson,10,77,73,6,4,105.48
IR Jaggi,7,76,97,6,0,78.35
B Akhil,11,76,55,5,5,138.18
TR Birt,5,75,58,9,2,129.31
JJ Bumrah,29,75,86,6,1,87.21
A Kamboj,10,74,52,5,4,142.31
RR Sarwan,4,73,75,6,1,97.33
M Klinger,4,73,77,9,0,94.81
LH Ferguson,8,72,47,7,2,153.19
Vishnu Vinod,7,71,65,4,4,109.23
SK Rasheed,5,71,63,9,2,112.7
J Suchith,9,70,61,6,3,114.75
AA Bilakhia,7,69,85,5,0,81.18
Vivrant Sharma,1,69,47,9,2,146.81
Avesh Khan,16,68,43,7,4,158.14
RR Powar,9,67,64,6,1,104.69
R Sharma,19,66,75,5,3,88.0
HR Shokeen,5,66,65,9,0,101.54
WD Parnell,13,65,80,4,1,81.25
Mohammad Hafeez,8,64,83,7,2,77.11
N Sindhu,5,63,50,7,2,126.0
Anirudh Singh,4,63,66,6,1,95.45
A Flintoff,3,62,53,5,2,116.98
SP Jackson,8,61,57,5,1,107.02
Sandeep Sharma,26,60,75,4,0,80.0
Harshit Rana,10,59,56,5,3,105.36
S Aravind,10,59,57,7,0,103.51
MG Bracewell,4,58,47,6,1,123.4
I Sharma,21,57,69,4,2,82.61
WA Mota,8,56,75,2,0,74.67
M Rawat,11,55,69,4,1,79.71
TU Deshpande,10,54,36,2,4,150.0
Shivang Kumar,6,53,46,6,1,115.22
A Chopra,6,53,71,7,0,74.65
PVD Chameera,11,53,45,3,3,117.78
DJ Willey,5,53,62,7,0,85.48
RP Singh,28,52,76,2,1,68.42
Shoaib Malik,5,52,47,5,0,110.64
Shivam Mavi,11,51,56,4,2,91.07
R Rampaul,7,51,50,3,2,102.0
KB Arun Karthik,8,51,51,4,1,100.0
Swapnil Singh,9,51,45,3,3,113.33
OF Smith,6,51,44,1,5,115.91
VR Aaron,12,50,72,2,2,69.44
RV Gomez,9,50,51,5,1,98.04
SB Bangar,7,49,58,1,3,84.48
AS Yadav,6,49,39,5,2,125.64
AG Paunikar,5,49,58,9,0,84.48
A Nortje,14,49,50,6,0,98.0
M Markande,10,48,42,5,1,114.29
T Kohler-Cadmore,3,48,54,7,1,88.89
Yashpal Singh,4,47,66,5,0,71.21
SU Parakh,4,46,33,5,2,139.39
TL Seifert,6,45,41,6,1,109.76
Ravi Bishnoi,18,45,69,2,2,65.22
D Pretorius,5,44,28,3,3,157.14
DR Sams,13,44,44,1,3,100.0
Rasikh Salam,7,43,42,5,0,102.38
Sunny Singh,5,43,31,6,1,138.71
AB Barath,3,42,42,5,1,100.0
SK Trivedi,14,42,59,3,1,71.19
A Nehra,17,41,62,3,1,66.13
J Yadav,4,40,36,2,1,111.11
XC Bartlett,4,40,28,3,2,142.86
BR Dunk,3,40,35,7,0,114.29
LPC Silva,3,40,26,5,1,153.85
Umar Gul,4,39,19,1,5,205.26
S Nadeem,20,39,87,2,0,44.83
MM Patel,12,39,41,5,0,95.12
DJ Thornely,4,39,53,2,2,73.58
AUK Pathan,7,39,23,5,2,169.57
S Narwal,4,37,27,6,0,137.04
YS Chahal,17,37,86,0,0,43.02
Sohail Tanvir,5,36,29,3,1,124.14
Joginder Sharma,5,36,30,1,2,120.0
KW Richardson,4,36,39,2,1,92.31
AN Ahmed,6,36,26,4,1,138.46
Anureet Singh,8,36,47,2,1,76.6
L Balaji,13,36,49,2,1,73.47
A Kumble,15,35,47,3,0,74.47
RA Bawa,4,35,32,2,0,109.38
Salil Arora,1,35,21,2,2,166.67
B Sumanth,4,35,37,3,0,94.59
M Ashwin,12,35,50,2,1,70.0
AP Dole,2,34,22,3,1,154.55
S Sreesanth,12,34,55,6,0,61.82
A Mithun,6,34,26,4,1,130.77
L Ronchi,5,34,34,6,1,100.0
Imran Tahir,8,33,37,5,0,89.19
D Salunkhe,3,33,24,5,0,137.5
Navdeep Saini,7,33,37,3,0,89.19
RJ Peterson,5,32,30,3,1,106.67
Arshdeep Singh,14,32,47,4,0,68.09
Basil Thampi,7,32,35,1,1,91.43
AT Carey,3,32,29,0,1,110.34
G Coetzee,7,31,33,2,2,93.94
CV Varun,13,31,53,3,0,58.49
T Taibu,3,31,26,3,0,119.23
GF Linde,3,31,21,6,0,147.62
Noor Ahmad,15,31,58,2,1,53.45
NS Naik,4,31,50,2,0,62.0
S Sriram,2,31,36,3,0,86.11
Akshat Raghuwanshi,2,29,25,1,1,116.0
J Syed Mohammad,5,29,26,4,0,111.54
VH Zol,2,29,26,3,1,111.54
SB Jakati,5,28,29,3,0,96.55
AS Joseph,5,27,32,3,0,84.38
DJ Malan,1,26,26,1,1,100.0
AB Dinda,16,26,48,2,0,54.17
JM Kemp,2,26,24,1,1,108.33
AA Kulkarni,4,26,33,3,0,78.79
AS Rajpoot,7,26,41,2,1,63.41
PJ Sangwan,14,26,44,1,0,59.09
NL McCullum,2,26,22,0,1,118.18
Sanvir Singh,5,25,21,2,1,119.05
S Chanderpaul,3,25,31,4,0,80.65
Mohsin Khan,7,25,28,2,1,89.29
AF Milne,7,25,31,0,1,80.65
Akash Deep,5,25,14,2,2,178.57
A Choudhary,3,25,20,1,1,125.0
AJ Turner,6,24,28,0,2,85.71
ER Dwivedi,2,24,14,2,2,171.43
KC Cariappa,5,24,21,0,2,114.29
Tanush Kotian,1,24,31,3,0,77.42
Kartik Tyagi,9,24,26,2,1,92.31
MA Khote,3,24,22,2,1,109.09
P Dubey,2,23,33,2,0,69.7
Umran Malik,5,23,16,1,2,143.75
J Arunkumar,3,23,23,5,0,100.0
SW Tait,5,23,26,1,1,88.46
BMAJ Mendis,3,23,27,0,0,85.19
Sediqullah Atal,1,22,16,0,2,137.5
AU Rashid,2,22,16,2,1,137.5
GB Hogg,4,22,22,1,0,100.0
HE van der Dussen,3,22,24,2,0,91.67
KL Nagarkoti,7,22,33,1,0,66.67
SA Abbott,3,22,18,1,2,122.22
Yudhvir Singh,4,22,16,1,2,137.5
B Indrajith,3,21,30,2,0,70.0
Kumar Kushagra,4,21,21,3,0,100.0
M Tiwari,2,21,12,2,1,175.0
AJ Hosein,3,21,13,1,1,161.54
DE Bollinger,4,21,23,1,1,91.3
RR Raje,5,20,18,1,1,111.11
NJ Maddinson,3,20,21,4,0,95.24
M Muralitharan,9,20,30,1,0,66.67
S Kaul,9,20,36,1,0,55.56
BKG Mendis,1,20,10,1,2,200.0
AC Thomas,4,20,19,1,1,105.26
C Sakariya,7,20,31,3,0,64.52
R Shukla,4,19,23,2,0,82.61
P Sahu,2,19,13,1,1,146.15
Gulbadin Naib,1,19,15,1,1,126.67
Y Gnaneswara Rao,1,19,17,3,0,111.76
R Bishnoi,3,19,17,1,2,111.76
R Smaran,4,19,25,3,0,76.0
JR Hazlewood,8,19,30,1,0,63.33
DR Martyn,1,19,24,1,0,79.17
NT Ellis,5,19,25,0,1,76.0
A Mukund,2,19,22,1,0,86.36
P Ray Barman,1,19,24,2,0,79.17
Saurav Chauhan,3,18,15,1,1,120.0
BJ Haddin,1,18,11,2,1,163.64
DS Lehmann,2,18,18,3,0,100.0
T Banton,2,18,20,1,1,90.0
JJ van der Wath,3,18,16,1,1,112.5
Sumit Kumar,3,18,24,2,1,75.0
PV Tambe,6,18,39,1,0,46.15
KMA Paul,5,18,24,1,1,75.0
Harmeet Singh,4,18,12,3,0,150.0
Arjun Tendulkar,2,18,14,0,1,128.57
R Sai Kishore,4,18,16,0,2,112.5
Naveen-ul-Haq,4,18,25,2,0,72.0
Parvez Rasool,4,17,20,1,0,85.0
M Theekshana,6,17,34,0,1,50.0
JA Richardson,3,17,26,2,0,65.38
Vijaykumar Vyshak,6,16,16,0,1,100.0
CK Kapugedera,3,16,23,0,0,69.57
PP Ojha,19,16,45,0,0,35.56
YV Dhull,3,16,23,1,0,69.57
KS Sharma,3,16,25,1,0,64.0
JL Pattinson,2,15,13,2,0,115.38
I Udana,4,15,11,1,1,136.36
A Zampa,5,15,24,1,0,62.5
M Prasidh Krishna,8,15,31,1,0,48.39
VY Mahesh,5,15,27,0,0,55.56
Virat Singh,2,15,26,1,0,57.69
GR Napier,1,15,16,1,0,93.75
SD Lad,1,15,13,1,1,115.38
C Madan,1,15,19,3,0,78.95
F Behardien,3,14,13,2,0,107.69
Auqib Nabi,2,14,4,2,1,350.0
MDKJ Perera,2,14,13,3,0,107.69
N Burger,3,14,9,0,1,155.56
FA Allen,3,14,19,1,0,73.68
MP Breetzke,1,14,12,1,1,116.67
KJ Abbott,3,13,8,0,1,162.5
DR Shorey,2,13,17,0,1,76.47
Mustafizur Rahman,7,13,24,0,1,54.17
DT Patil,2,13,13,1,0,100.0
S Badree,5,13,23,0,0,56.52
Harsh Dubey,4,13,9,2,0,144.44
T Thushara,4,12,18,0,0,66.67
DG Nalkande,2,12,12,0,1,100.0
Mujeeb Ur Rahman,6,12,15,2,0,80.0
K Upadhyay,2,12,9,0,1,133.33
R Minz,4,12,19,1,0,63.16
K Kartikeya,4,12,17,1,0,70.59
AR Bawne,1,12,12,1,0,100.0
DAJ Bracewell,1,12,9,1,0,133.33
Karanveer Singh,4,12,17,1,0,70.59
MA Wood,3,12,8,1,1,150.0
AA Chavan,3,12,11,2,0,109.09
T Dahiya,2,12,15,2,0,80.0
DNT Zoysa,2,11,9,1,0,122.22
M Ntini,2,11,18,2,0,61.11
T Kohli,3,11,19,0,1,57.89
T Henderson,2,11,16,0,1,68.75
KAJ Roach,1,10,9,1,0,111.11
VG Arora,11,10,27,0,0,37.04
D du Preez,1,10,13,0,0,76.92
TD Paine,2,10,26,0,0,38.46
RK Bhui,4,10,26,0,0,38.46
JE Root,1,10,15,1,0,66.67
AG Murtaza,3,10,14,1,0,71.43
X Thalaivan Sargunam,1,10,17,0,0,58.82
Krish Bhagat,2,10,21,0,0,47.62
J Theron,4,10,12,1,0,83.33
Mukesh Kumar,5,10,18,0,0,55.56
Simarjeet Singh,6,10,15,0,0,66.67
BB Sran,7,10,14,0,0,71.43
SMSM Senanayake,4,10,17,0,0,58.82
SM Harwood,2,9,14,0,0,64.29
PWA Mulder,1,9,11,1,0,81.82
L Wood,1,9,3,0,1,300.0
AA Noffke,1,9,10,1,0,90.0
KT Maphaka,1,8,2,2,0,400.0
JPR Scantlebury-Searles,2,8,6,0,1,133.33
CK Langeveldt,2,8,9,0,1,88.89
CJ McKay,1,8,15,0,0,53.33
Jaskaran Singh,4,8,11,0,0,72.73
Akash Madhwal,2,8,14,0,0,57.14
TM Srivastava,3,8,11,0,0,72.73
SH Johnson,6,8,12,1,0,66.67
Mukesh Choudhary,3,8,8,1,0,100.0
P Chopra,1,8,6,2,0,133.33
OC McCoy,1,8,5,0,1,160.0
TS Mills,5,8,14,0,1,57.14
IS Sodhi,2,7,17,0,0,41.18
UA Birla,1,7,14,1,0,50.0
E Malinga,3,7,17,0,0,41.18
VS Malik,2,7,7,1,0,100.0
I Malhotra,1,7,4,1,0,175.0
V Viyaskanth,1,7,5,0,0,140.0
AN Ghosh,2,7,8,1,0,87.5
LG Pretorius,2,7,8,0,0,87.5
Ankit Soni,3,7,9,0,1,77.78
MJ Henry,2,7,10,1,0,70.0
Pankaj Singh,5,7,12,0,0,58.33
BA Bhatt,2,6,7,0,1,85.71
PSP Handscomb,1,6,12,0,0,50.0
DA Payne,1,6,5,0,0,120.0
JP Behrendorff,2,6,9,0,0,66.67
SS Shaikh,1,6,7,1,0,85.71
SB Joshi,2,6,14,0,0,42.86
DM Bravo,1,6,5,1,0,120.0
P Awana,5,5,14,0,0,35.71
SJ Srivastava,4,5,5,0,0,100.0
MP Yadav,1,5,5,1,0,100.0
Fazalhaq Farooqi,3,5,15,0,0,33.33
Shivam Sharma,2,5,3,1,0,166.67
Sakib Hussain,1,5,7,1,0,71.43
Arshad Khan (2),1,5,4,1,0,125.0
B Stanlake,1,5,2,1,0,250.0
B Laughlin,4,5,13,0,0,38.46
Prince Yadav,3,5,11,0,0,45.45
KMDN Kulasekara,1,5,3,1,0,166.67
A Tomar,1,4,8,1,0,50.0
FH Edwards,2,4,5,0,0,80.0
VRV Singh,2,4,3,1,0,133.33
A Uniyal,2,4,7,0,0,57.14
L Ngidi,4,4,9,0,0,44.44
CRD Fernando,2,4,3,0,0,133.33
SR Dubey,1,4,2,1,0,200.0
RS Sodhi,1,4,2,1,0,200.0
A Chandila,2,4,7,0,0,57.14
T Natarajan,3,4,7,0,0,57.14
DP Nannes,2,4,13,0,0,30.77
Ravi Singh,1,4,2,1,0,200.0
Liton Das,1,4,4,1,0,100.0
GD McGrath,2,4,5,1,0,80.0
A Dananjaya,1,4,5,0,0,80.0
Yash Dayal,4,4,9,0,0,44.44
JE Taylor,2,3,3,0,0,100.0
BAW Mendis,3,3,6,0,0,50.0
D Kalyankrishna,1,3,8,0,0,37.5
PP Hinge,2,3,9,0,0,33.33
DS Rathi,3,3,8,0,0,37.5
RJW Topley,1,3,6,0,0,50.0
S Tyagi,1,3,4,0,0,75.0
Younis Khan,1,3,7,0,0,42.86
R Ninan,1,3,6,0,0,50.0
Mohammad Asif,2,3,6,0,0,50.0
GC Viljoen,3,3,7,0,0,42.86
Kamran Khan,1,3,5,0,0,60.0
RJ Gleeson,1,2,2,0,0,100.0
RG More,1,2,2,0,0,100.0
A Singh,5,2,10,0,0,20.0
VS Yeligati,1,2,2,0,0,100.0
Mashrafe Mortaza,1,2,2,0,0,100.0
Mohammad Ashraful,1,2,10,0,0,20.0
RS Gavaskar,1,2,8,0,0,25.0
H Das,1,2,5,0,0,40.0
KK Ahmed,6,2,9,0,0,22.22
GHS Garton,2,2,4,0,0,50.0
T Shamsi,1,2,4,0,0,50.0
Shoaib Akhtar,1,2,7,0,0,28.57
Brijesh Sharma,2,2,4,0,0,50.0
Shivam Singh,1,2,3,0,0,66.67
BR Sharath,1,2,5,0,0,40.0
SB Wagh,2,2,3,0,0,66.67
S Randiv,1,2,4,0,0,50.0
KP Appanna,3,2,4,0,0,50.0
AM Ghazanfar,1,2,3,0,0,66.67
DV Malewar,2,2,5,0,0,40.0
P Parameswaran,2,1,2,0,0,50.0
HF Gurney,1,1,5,0,0,20.0
Ashok Sharma,2,1,4,0,0,25.0
SE Bond,1,1,2,0,0,50.0
PVSN Raju,1,1,1,0,0,100.0
Mohit Rathee,1,1,2,0,0,50.0
SZ Mulani,1,1,1,0,0,100.0
DJ Muthuswami,1,1,3,0,0,33.33
KA Maharaj,1,1,2,0,0,50.0
DP Vijaykumar,1,1,1,0,0,100.0
Shoaib Ahmed,3,1,6,0,0,16.67
SS Mishra,1,1,3,0,0,33.33
Ashwani Kumar,1,1,6,0,0,16.67
MS Bhandage,1,1,4,0,0,25.0
BE Hendricks,2,1,3,0,0,33.33
Abdul Basith,1,1,1,0,0,100.0
PM Sarvesh Kumar,1,1,2,0,0,50.0
LE Plunkett,2,1,3,0,0,33.33
MJ Suthar,1,1,2,0,0,50.0
LB Williams,1,1,2,0,0,50.0
NJ Rimmington,1,1,1,0,0,100.0
M de Lange,1,1,2,0,0,50.0
K Yadav,1,0,4,0,0,0.0
YA Abdulla,1,0,1,0,0,0.0
S Kaushik,1,0,1,0,0,0.0
RP Meredith,2,0,3,0,0,0.0
Musheer Khan,1,0,3,0,0,0.0
Y Prithvi Raj,1,0,1,0,0,0.0
U Kaul,1,0,1,0,0,0.0
RR Bhatkal,1,0,2,0,0,0.0
KM Asif,1,0,2,0,0,0.0
SS Cottrell,1,0,2,0,0,0.0
S Ladda,2,0,9,0,0,0.0
KR Sen,1,0,3,0,0,0.0
S Lamichhane,1,0,1,0,0,0.0
L Ablish,1,0,2,0,0,0.0
KS Rathore,1,0,5,0,0,0.0
V Pratap Singh,1,0,1,0,0,0.0
ND Doshi,1,0,13,0,0,0.0
JL Denly,1,0,1,0,0,0.0
Mayank Dagar,1,0,1,0,0,0.0
MJ Owen,1,0,2,0,0,0.0
C Nanda,1,0,1,0,0,0.0
R Sanjay Yadav,1,0,2,0,0,0.0
Sunny Gupta,1,0,1,0,0,0.0
IC Pandey,1,0,2,0,0,0.0
Abdur Razzak,1,0,2,0,0,0.0
